"","age","Year","LL","ML","LM"
"1","1",1982,26.8006913631249,21.926759484597,21.6725880025218
"2","2",1982,74.7864397444503,72.1519272494335,93.998957269829
"3","3",1982,186.604254884558,170.583682004711,238.737958166022
"4","4",1982,371.183345103408,362.098786500944,434.047065084827
"5","5",1982,561.869533093688,530.523961533516,580.687104245477
"6","6",1982,867.026113183257,851.960759442059,717.539036338501
"7","7",1982,1144.42578230556,1104.70659652458,872.621949530413
"8","8",1982,1314.01264967893,1275.0719343789,1031.25517112628
"9","9",1982,1457.03447878611,1401.15016211077,1186.03865806542
"10","10",1982,1623.24153137857,1551.00913062073,1298.81659985388
"11","11",1982,1783.54497981344,1719.54679931345,1449.53905395185
"12","12",1982,1764.50409749448,1675.59951465669,1547.03470744211
"13","13",1982,2086.55236356275,2037.88227642591,1662.17703720903
"14","14",1982,1760.88469961813,1725.97710741901,1712.28368144426
"15","15",1982,2531.46272084972,2452.81655903893,1893.84036752803
"16","1",1983,17.650274879692,17.6099747852532,17.907086752721
"17","2",1983,92.3099767790253,87.1708737793744,91.4321262705158
"18","3",1983,187.758427043552,187.822960757109,225.240706992072
"19","4",1983,345.586677271613,344.592739025505,410.149213966876
"20","5",1983,491.101128127786,484.226010539569,572.220108280895
"21","6",1983,689.201528035688,676.774667998575,713.044077399301
"22","7",1983,982.516321383685,944.666687817427,885.344718630749
"23","8",1983,1272.23228388666,1247.10967168836,1057.1059649418
"24","9",1983,1478.44340056843,1335.47289888099,1254.43783164008
"25","10",1983,1517.6092936341,1416.70640125516,1338.05716232245
"26","11",1983,1620.25163799477,1506.38758324496,1497.69832141211
"27","12",1983,1611.49657607828,1485.94338069445,1595.61618405579
"28","13",1983,1807.37331663103,1682.15740876529,1742.65332937253
"29","14",1983,1520.29313847476,1476.7480779343,1729.91932412283
"30","15",1983,1926.66837234316,1839.28042229608,1924.441108388
"31","1",1984,16.5224415574195,16.188160208698,19.0484817765097
"32","2",1984,62.3800596329072,55.5270308193088,89.7115610784918
"33","3",1984,197.111607160495,181.515452589121,231.282856345413
"34","4",1984,297.691523106565,313.457622100106,410.379093506566
"35","5",1984,465.52400097483,467.975015776528,567.371280977696
"36","6",1984,602.39017524753,643.762772362241,709.788798507784
"37","7",1984,948.868035060442,997.494634823081,860.089506971698
"38","8",1984,1341.0123363234,1391.18419751313,1001.83380839451
"39","9",1984,1511.81711487628,1456.92797338643,1193.89568839913
"40","10",1984,1695.4114440954,1637.85757383278,1305.51978826932
"41","11",1984,1947.92558614118,1858.76137409168,1469.73282679043
"42","12",1984,1789.49184227557,1709.94318687982,1541.48986303153
"43","13",1984,1858.02266742548,1816.86606110381,1669.57285898934
"44","14",1984,1662.72025802724,1625.58726733747,1707.30714171241
"45","15",1984,2043.42111472775,1981.86559233704,1893.73629519723
"46","1",1985,16.3595344229729,18.0806142048164,16.4246865106867
"47","2",1985,70.7430941618864,76.8970223346789,82.9326629700164
"48","3",1985,191.361336012868,197.462303811267,216.1694372916
"49","4",1985,343.006800752128,361.795797615051,399.101551807719
"50","5",1985,484.95890975188,500.098109703211,538.535846502583
"51","6",1985,758.217951782254,809.299173995569,697.999986392598
"52","7",1985,945.079168940634,996.439259275345,856.086281157489
"53","8",1985,1226.47376672902,1225.52293444608,1017.41215937443
"54","9",1985,1681.73689720929,1556.40861119306,1230.42085151373
"55","10",1985,1628.93176336559,1591.06906738687,1275.3690108434
"56","11",1985,1742.52126734506,1686.56196404225,1430.95852297473
"57","12",1985,2032.96143413181,1878.53530910606,1582.13149989005
"58","13",1985,2127.6196813461,2027.00055419192,1709.34828196248
"59","14",1985,1823.73478131444,1741.35797055992,1750.28953398655
"60","15",1985,2354.47753654438,2293.59196562629,1882.87278646083
"61","1",1986,13.7413511730727,13.4295810846946,18.9827743822134
"62","2",1986,65.3922254200494,67.2225299778911,85.210526384471
"63","3",1986,154.306870019793,145.711386502608,230.411384943796
"64","4",1986,363.729646314313,381.809916019882,408.021477524262
"65","5",1986,442.213296470955,436.909039678228,553.545042549433
"66","6",1986,654.806894663803,682.800959099849,695.507448309248
"67","7",1986,826.940767939764,880.354995143025,848.964291113431
"68","8",1986,1017.91416648075,1080.75007955278,1006.4863786101
"69","9",1986,1264.01151083315,1307.51833886848,1165.81580641776
"70","10",1986,1612.55466999297,1545.34830877879,1320.68377490121
"71","11",1986,1671.30021645809,1663.80379905721,1399.92954817744
"72","12",1986,1982.07392551034,1883.50826396352,1533.69659337391
"73","13",1986,1937.71225078125,1849.82795329366,1708.30462537782
"74","14",1986,2188.73931767682,2052.3999296261,1775.90212494527
"75","1",1987,27.0379430434799,29.0735972458648,17.4219906803643
"76","2",1987,103.086882024193,96.0930360193241,94.912409391262
"77","3",1987,247.387282732197,241.525209331547,227.485789305316
"78","4",1987,296.325168989618,302.048150262954,404.361959260879
"79","5",1987,420.699232826635,437.467323589488,531.863354183202
"80","6",1987,553.492762969519,583.787043100567,663.418288299841
"81","7",1987,701.173951488675,725.304303618939,815.645972671148
"82","8",1987,854.845321714333,868.555070933992,983.048266314635
"83","9",1987,988.101540761801,1003.56184817144,1123.98877980941
"84","10",1987,1211.22284687902,1182.71534785531,1268.9649280897
"85","11",1987,1512.25424102054,1447.41384880278,1452.18348180089
"86","12",1987,1516.94450643643,1402.03749450803,1575.3982542427
"87","13",1987,1905.51026807547,1799.98661866516,1720.72734301242
"88","14",1987,2167.35213723547,2007.70779728848,1790.0762879776
"89","15",1987,2124.53259469583,2089.08290708704,1859.19746320199
"90","1",1988,17.8089788311503,15.6115346505698,20.5113464274873
"91","2",1988,78.6412937386645,86.3610557569558,82.2690229999587
"92","3",1988,244.96008394644,254.529994197495,233.410574877225
"93","4",1988,329.358583267355,354.843198325079,410.366793473292
"94","5",1988,444.04303650855,454.671548459015,536.837595718623
"95","6",1988,527.148789938771,567.498305549814,663.52777107723
"96","7",1988,661.641689722844,695.676784543585,814.36955556519
"97","8",1988,885.356774160845,913.439569458174,970.943879862245
"98","9",1988,907.539903850795,953.628804608847,1090.51169073842
"99","10",1988,1098.90878486851,1109.10857085117,1236.01267473563
"100","11",1988,1374.37923731528,1345.97738946858,1402.95216024115
"101","12",1988,1405.58286782612,1375.42486085934,1482.80674390778
"102","13",1988,1900.29537387486,1835.12763953731,1675.80589558594
"103","14",1988,1171.07098451951,1224.88898083259,1602.99632194262
"104","15",1988,1699.20356237921,1606.74819023474,1932.29832742522
"105","1",1989,21.7124258056333,22.569249128946,17.9711112104633
"106","2",1989,84.3403090926392,97.6772134162468,77.4390531195807
"107","3",1989,172.853946129074,182.307904665386,207.219504690983
"108","4",1989,302.203944757799,345.951115740809,385.58298193446
"109","5",1989,386.546978791525,434.683664909832,522.732712501084
"110","6",1989,519.100929850683,540.831298238173,674.627357094532
"111","7",1989,712.50757016467,728.202973291516,812.49167312681
"112","8",1989,812.567333449111,830.654378649416,973.205655801265
"113","9",1989,1084.77165915787,1099.14054206686,1104.61440521618
"114","10",1989,1065.10621732625,1083.9728829834,1212.38391355222
"115","11",1989,1208.584487311,1229.66126497857,1349.95305716878
"116","12",1989,1274.47668715639,1290.17756202575,1435.30258184935
"117","13",1989,1333.47723494315,1351.70960838011,1596.42533529196
"118","14",1989,1291.79587284924,1319.03141014901,1627.1584078962
"119","15",1989,1371.69867977203,1401.55600789349,1787.50837614591
"120","1",1990,18.0043622303008,17.0448841941401,18.7016738091756
"121","2",1990,102.253826002472,89.7698481028335,93.8193413096358
"122","3",1990,148.268749139291,141.378084345806,233.245486550571
"123","4",1990,349.66139701782,347.857739098317,400.43728303523
"124","5",1990,447.685867828773,461.06731894359,534.002366971711
"125","6",1990,537.022905774621,567.248997877743,669.28109033363
"126","7",1990,633.008836970231,658.008037184724,815.750284452946
"127","8",1990,739.743138298707,791.307575273389,957.675917891039
"128","9",1990,907.136977573181,981.945534386459,1073.41974669355
"129","10",1990,1113.14705639147,1181.74021562259,1195.07274621754
"130","11",1990,1289.0584968948,1324.04369603813,1351.71902247591
"131","12",1990,1304.09011198676,1374.43149384463,1395.25778482882
"132","13",1990,1413.49802512851,1471.10021733382,1568.61766601901
"133","14",1990,1502.87368089771,1552.51677811314,1617.50563201815
"134","15",1990,1649.69956784928,1726.84234421247,1748.17919566224
"135","1",1991,22.957414717273,20.4170306873434,20.0110135069751
"136","2",1991,108.614253290516,86.1751023181807,93.5171438120489
"137","3",1991,202.115559757156,177.147081344769,236.348373653445
"138","4",1991,354.709722294457,342.828146403222,413.490045326456
"139","5",1991,561.498451158243,567.209754755262,549.001591499702
"140","6",1991,639.819033284645,656.397385023224,689.369196437777
"141","7",1991,715.786443541816,736.506851559735,827.614825960204
"142","8",1991,814.360689225168,826.633211936731,982.315110640135
"143","9",1991,987.371449960595,1008.99102999312,1102.87607602768
"144","10",1991,1112.88252790238,1156.85296541266,1213.65739983258
"145","11",1991,1370.0673416044,1410.50838864746,1354.04440623041
"146","12",1991,1393.93637860311,1412.57470016356,1431.82651973212
"147","13",1991,1548.4520805134,1603.47164403235,1568.23113206686
"148","14",1991,1824.37745411152,1842.40363983141,1641.86910872087
"149","15",1991,1822.91677285031,1866.81617300885,1784.32911960569
"150","1",1992,17.6761272109757,18.0582302252139,18.3334471853267
"151","2",1992,96.0575496007674,75.0010002491034,101.815900562399
"152","3",1992,271.702200599754,248.888357889791,247.835863447142
"153","4",1992,379.763374462293,370.592964123334,420.130930072306
"154","5",1992,509.388129496813,515.547977643951,543.270668596667
"155","6",1992,575.52554711878,585.843088264991,678.710192665304
"156","7",1992,773.926681738923,790.864887095881,819.879869518936
"157","8",1992,919.978877358689,934.532427667528,975.458173761749
"158","9",1992,965.872048368847,1014.24752887776,1089.48110481418
"159","10",1992,1079.67692395813,1121.55291286704,1203.25069111307
"160","11",1992,1253.81279801903,1306.06329651609,1333.58799986447
"161","12",1992,1438.73679153969,1467.76015245058,1427.40347850248
"162","13",1992,1609.97033392246,1634.031142174,1599.72492434801
"163","14",1992,1647.05635799727,1671.17167492946,1643.8866207115
"164","15",1992,1646.13963379169,1649.91744480685,1823.76420720052
"165","1",1993,14.754844464554,15.9284184400511,17.2527183983552
"166","2",1993,87.0012488943479,90.6497276825151,82.6558961938079
"167","3",1993,275.33131880949,256.298980112111,241.12433932806
"168","4",1993,467.24480919863,422.582900611827,447.118055652488
"169","5",1993,519.282434985711,492.540116194128,577.552451856201
"170","6",1993,640.022400963607,617.925934288248,712.234681902701
"171","7",1993,751.781777515,741.850290968183,843.805874277821
"172","8",1993,893.431505155433,895.358430628776,987.480575002245
"173","9",1993,1096.8196097238,1118.45545729645,1108.82780158487
"174","10",1993,1114.41931126728,1124.25882432157,1232.78566507452
"175","11",1993,1326.3135835791,1337.56981236901,1371.33516747247
"176","12",1993,1408.51376936704,1414.15129457935,1455.65498806828
"177","13",1993,1566.05261864107,1569.24282344981,1626.32031479236
"178","14",1993,1661.90469685581,1634.59444837997,1689.79922350835
"179","15",1993,1746.32076807072,1748.8148019044,1835.52029894707
"180","1",1994,18.8463775705302,16.0610645920179,21.4474018724459
"181","2",1994,81.9759890297818,78.6051376331215,95.5033688936381
"182","3",1994,219.529767029149,193.406536838048,243.621193350363
"183","4",1994,386.183526906816,341.481534761021,444.709427135619
"184","5",1994,558.437329262201,541.772311560994,580.400964445804
"185","6",1994,676.75310434594,662.740113788071,716.337088971568
"186","7",1994,727.419408219386,723.777675536814,852.904748759118
"187","8",1994,1059.18575590107,1063.43680300859,1000.69550681856
"188","9",1994,1239.29279585521,1230.47082386211,1153.12989947105
"189","10",1994,1197.6367921799,1205.86448056535,1260.15103069312
"190","11",1994,1334.10409327186,1314.76128133911,1403.22615268059
"191","12",1994,1414.33927876314,1389.83342113038,1483.01386453316
"192","13",1994,1542.21057676729,1512.74612719301,1660.15806771292
"193","14",1994,1671.79798163873,1638.90104061951,1698.69911795207
"194","15",1994,1729.0098580031,1697.04462367051,1867.88367724062
"195","1",1995,16.1715016150832,13.791725397469,21.9688254951016
"196","2",1995,57.6830342739107,58.9296508373889,85.0162380643508
"197","3",1995,150.856533956585,148.155259064408,226.729991382894
"198","4",1995,347.597932023135,342.293250381573,411.787366249681
"199","5",1995,488.956233091068,495.043470385919,547.785587556905
"200","6",1995,655.912562956566,654.837346271413,706.042413821371
"201","7",1995,693.889633206299,728.585922864286,840.561568548677
"202","8",1995,917.469889917637,929.771382682656,1007.68475678554
"203","9",1995,1083.58576624345,1120.32369141202,1140.85958596134
"204","10",1995,1304.52072573344,1341.063255261,1238.68915615593
"205","11",1995,1324.75025487197,1318.36387904212,1395.83302041935
"206","12",1995,1388.10679189524,1371.08097981581,1492.55342089709
"207","13",1995,1505.27713691755,1507.32692036868,1624.83078272962
"208","14",1995,1473.24580201084,1472.46985410805,1678.15333682437
"209","15",1995,1714.59164246585,1716.55630745345,1836.9876209933
"210","1",1996,20.8567904876729,19.5036359424509,19.946101333446
"211","2",1996,76.5017090645211,77.5291887234723,82.0651240150568
"212","3",1996,146.201517031581,143.560164099112,216.484901126542
"213","4",1996,308.511895482613,309.00049751915,398.438034449661
"214","5",1996,495.940148088779,512.393423036966,547.104767096363
"215","6",1996,633.161933923739,641.840673761978,696.582783633852
"216","7",1996,803.242786728528,805.709180333503,840.453308071244
"217","8",1996,910.581403353538,932.923755324941,993.66113365368
"218","9",1996,1051.42289424868,1066.02555519149,1134.11903289578
"219","10",1996,1177.53865552943,1158.52263437072,1272.03337548626
"220","11",1996,1390.39135009105,1324.71887474775,1453.97127280624
"221","12",1996,1498.04426063018,1436.76096095079,1530.68737874663
"222","13",1996,1680.41411313244,1621.82449994858,1666.02435832618
"223","14",1996,1664.69245393658,1620.48409277695,1723.34309317438
"224","15",1996,1749.59587249085,1747.27501847516,1856.15753629675
"225","1",1997,17.4624667954372,15.1903671575343,21.3709659524279
"226","2",1997,78.8320641879994,77.4475460735553,85.0347240595353
"227","3",1997,212.612390502602,193.568233858496,202.92484081671
"228","4",1997,308.975029223372,329.670245721418,382.644830752898
"229","5",1997,391.147413906745,402.539734528606,532.04387798283
"230","6",1997,623.224967426124,659.669286016641,700.618990324509
"231","7",1997,745.275434859646,803.821837670933,816.985480421991
"232","8",1997,889.388978183125,946.915554829061,975.587026299024
"233","9",1997,1115.29013136787,1131.3599555808,1129.32865582711
"234","10",1997,1194.12613378911,1179.42949591805,1272.06797048218
"235","11",1997,1353.56765778365,1306.36568595721,1431.95276353738
"236","12",1997,1510.50302735085,1456.21897608307,1515.20360125002
"237","13",1997,1577.05209885012,1577.4381173262,1626.73997970365
"238","14",1997,1626.32352405886,1589.0105586463,1713.05613662462
"239","15",1997,1724.63007545513,1709.14057993121,1853.65835516895
"240","1",1998,18.1554126095302,17.506075514652,18.9619314661321
"241","2",1998,69.6200619435251,69.8046704750232,83.6840167712526
"242","3",1998,194.457574709921,196.640934741636,205.803779423041
"243","4",1998,321.27403974307,334.969766856715,385.001031346082
"244","5",1998,466.398216679431,485.196181186926,530.913796084761
"245","6",1998,525.737036343327,559.361241012682,679.528723107827
"246","7",1998,803.241429294339,801.904509208735,847.379340535448
"247","8",1998,893.799171079514,882.125787088402,1027.09310439714
"248","9",1998,1008.85991802434,993.661106887423,1197.12809217495
"249","10",1998,1071.57813092211,993.770259840272,1332.69366356002
"250","11",1998,1268.74940574368,1179.02354476516,1485.87026168673
"251","12",1998,1356.9570597737,1201.71284848962,1650.64383952035
"252","13",1998,1479.58617634283,1379.90097120397,1744.19306415362
"253","14",1998,1866.3849169938,1725.94077491516,1817.7663199697
"254","15",1998,1824.30626314242,1722.79179354882,1966.09166368989
"255","1",1999,15.1785651053124,13.6648067553908,19.8111289034896
"256","2",1999,77.9970621234012,74.4362331020744,83.6914420167943
"257","3",1999,217.243586790758,200.704323029858,223.324581204378
"258","4",1999,347.65480724196,352.573463260437,402.401490579391
"259","5",1999,408.83076855193,422.57204734818,529.808649412001
"260","6",1999,561.093950192174,575.408092694898,674.305912878317
"261","7",1999,698.949926924436,732.110329613387,816.809410340423
"262","8",1999,896.499678142907,935.898359545663,964.862794786534
"263","9",1999,1079.26955191092,1131.34699036743,1103.54530024018
"264","10",1999,1154.6415031744,1200.17500702313,1221.57674786738
"265","11",1999,1298.70957246463,1331.51145784262,1359.55294589825
"266","12",1999,1324.20800509032,1326.53504738768,1465.12309451291
"267","13",1999,1734.06681673937,1731.08758074101,1641.71922461801
"268","14",1999,1729.66869464027,1689.01707104243,1722.48613938567
"269","15",1999,1934.39487044635,1924.93333242154,1846.59719258756
"270","1",2000,13.8270776021035,15.7233478238818,16.2271647453192
"271","2",2000,78.8647057753228,76.4077432138533,85.5345867492633
"272","3",2000,245.129519172293,230.870810789119,229.326031124566
"273","4",2000,401.286800039679,397.615519441488,410.339396517303
"274","5",2000,484.397816802649,490.103240653294,545.202696982904
"275","6",2000,572.394653844147,576.180735761135,680.832448448147
"276","7",2000,702.530395524433,716.262327272215,836.106945840644
"277","8",2000,785.10502276612,809.873090643007,990.436613913367
"278","9",2000,941.652488745077,991.463929477291,1118.45680647655
"279","10",2000,1159.50799562798,1196.26164744398,1256.01811945141
"280","11",2000,1370.01230888938,1357.46282031385,1429.55140750278
"281","12",2000,1487.07147360001,1448.39613138745,1513.95019490572
"282","13",2000,1748.58928741391,1700.54905123832,1675.04913647832
"283","14",2000,1731.21645954226,1676.47778798148,1735.50207685659
"284","15",2000,1922.14419443973,1893.95583728643,1871.70261298122
"285","1",2001,17.0811251434068,16.4027192618407,19.1560107557407
"286","2",2001,77.5222439076681,72.6488644567818,94.603186466762
"287","3",2001,185.104895220276,179.788159201782,227.588120582627
"288","4",2001,368.578139639671,366.508067134306,408.080348335634
"289","5",2001,536.032364306477,547.779545395689,542.068276051531
"290","6",2001,670.235216752625,670.827827137461,687.414085102978
"291","7",2001,798.722503471284,796.691993406489,842.55630094256
"292","8",2001,883.20701548486,868.377982960345,1000.32608951049
"293","9",2001,992.472249410927,1021.00502760898,1121.76897335643
"294","10",2001,1117.39454481432,1145.51623079614,1238.78935448316
"295","11",2001,1333.79481101137,1316.04340027662,1409.11724173189
"296","12",2001,1487.53392202651,1455.86535838612,1494.84628161258
"297","13",2001,1571.7862850354,1550.72279879968,1652.7891860324
"298","14",2001,1756.24721330309,1737.90909572765,1683.97222266106
"299","15",2001,1807.03908035188,1795.65288877694,1846.84444620928
"300","1",2002,16.8714324989895,17.9799432084527,17.4495540070503
"301","2",2002,93.2645972158153,92.2143281384369,85.5178521144748
"302","3",2002,247.986080177229,276.473325600259,203.36531731989
"303","4",2002,392.031538197305,398.323907678903,397.771060503404
"304","5",2002,519.176053047781,535.274310202147,531.931685144182
"305","6",2002,678.331127105106,691.276302618869,685.521761816969
"306","7",2002,765.054239353412,785.597474900776,836.604547170246
"307","8",2002,943.162597894688,949.244356647791,1014.28049421721
"308","9",2002,1026.97461335546,1043.58984848237,1145.46112730062
"309","10",2002,1115.12241342665,1171.6902665438,1251.9449515551
"310","11",2002,1119.26478274245,1146.05766499162,1378.08486565019
"311","12",2002,1382.68302747354,1385.42642553343,1478.81199023766
"312","13",2002,1560.09364983313,1575.24125550709,1633.60818816426
"313","14",2002,1714.64739171797,1695.87668571249,1696.06305254436
"314","15",2002,1855.33246823676,1826.39279406826,1857.52310761028
"315","1",2003,26.4946278525221,26.7049269388054,17.7842366430748
"316","2",2003,113.38773502218,132.741518469417,74.1947282417323
"317","3",2003,285.144507886994,320.459559997913,203.019691899959
"318","4",2003,463.409312798025,484.921135460745,397.242988216055
"319","5",2003,618.60907749104,623.704662564701,546.187567008993
"320","6",2003,732.706953487553,727.58522258884,696.771738178015
"321","7",2003,814.164958973619,802.999586373579,848.537950223183
"322","8",2003,968.127307895866,967.824755411258,1016.91777321893
"323","9",2003,1043.21222487723,1021.5730060592,1162.66702236542
"324","10",2003,1198.80981767401,1204.06534556196,1266.37488281053
"325","11",2003,1243.87208423801,1244.54022922532,1404.7206299997
"326","12",2003,1354.86059037462,1389.29290700187,1455.76495293145
"327","13",2003,1539.36602453826,1559.23399738685,1626.46538929702
"328","14",2003,1517.78851239036,1560.39121653322,1631.30862473083
"329","15",2003,1633.09925634753,1712.55881147673,1771.60245269057
"330","1",2004,22.7211902454371,22.3976994138166,18.283827111543
"331","2",2004,107.495582620704,119.090229619652,78.9073280623151
"332","3",2004,289.502576807091,287.184863535082,227.640869193098
"333","4",2004,428.674069125511,413.311013514506,423.213666632223
"334","5",2004,568.902742684555,580.007099794565,565.302486380112
"335","6",2004,689.05552547437,706.708695165313,705.436385568481
"336","7",2004,819.708546370327,846.194692725387,846.089207708843
"337","8",2004,927.673978083958,961.384991679526,997.211416513489
"338","9",2004,1039.18615836059,1045.12830961916,1149.52706113871
"339","10",2004,1143.86036135935,1139.3360852625,1271.9532401735
"340","11",2004,1203.43085988828,1208.17591045386,1406.55502435824
"341","12",2004,1289.6376439539,1301.6664686824,1466.32120798833
"342","13",2004,1445.94622114483,1448.33540353413,1624.74663938929
"343","14",2004,1726.02110539118,1688.71184629871,1694.22172028583
"344","15",2004,1661.20326442764,1672.95558733792,1824.72625241402
"345","1",2005,21.6618755523499,22.9343136014195,17.2412377746252
"346","2",2005,88.7549253560885,99.3086654160263,75.4815591762936
"347","3",2005,232.799965825764,225.640825066335,223.314331330281
"348","4",2005,399.025946824489,429.174044964669,399.570329736297
"349","5",2005,514.49681022661,519.800677422699,542.753348190411
"350","6",2005,630.027698866608,635.707033755601,676.226102503548
"351","7",2005,808.817320892389,802.10767861248,825.42276080927
"352","8",2005,939.640879057317,944.429779908075,975.34752359888
"353","9",2005,1016.26540022245,1033.48106270107,1123.5357323846
"354","10",2005,1093.76442464925,1108.18922971354,1216.6184349617
"355","11",2005,1354.52304478508,1364.38583237591,1376.79944749093
"356","12",2005,1289.52006877137,1302.16486775399,1443.94540038075
"357","13",2005,1292.92146949814,1312.16898199917,1589.09357246589
"358","14",2005,1461.78707131419,1459.06041772231,1659.99826976833
"359","15",2005,1566.66551779126,1577.10719289985,1813.97537117837
"360","1",2006,10.637072485363,13.4208540479792,15.8451648504375
"361","2",2006,86.7662073312307,88.2236133241293,82.498449123442
"362","3",2006,177.328418464223,175.043711230035,220.985824314058
"363","4",2006,442.916151540952,447.56732042616,394.835412496925
"364","5",2006,599.906483832864,619.257277576261,535.512111450794
"365","6",2006,698.364136902922,699.601198623326,678.947712437742
"366","7",2006,815.62287483135,831.590781323679,820.123402599435
"367","8",2006,891.435087648427,915.467915994766,959.932484880606
"368","9",2006,1041.38687084428,1115.25380424937,1086.86179011433
"369","10",2006,1160.05645054509,1206.50727785,1208.17586794861
"370","11",2006,1282.80373734011,1339.76027613051,1335.3050208083
"371","12",2006,1396.50319893129,1440.52944307564,1418.35505874592
"372","13",2006,1474.49311085751,1507.36457927272,1589.54106137529
"373","14",2006,1420.01803777543,1503.11913117695,1598.01400351065
"374","15",2006,1489.44021051674,1563.64689203878,1770.68106975827
"375","1",2007,13.6890341429933,14.9052957483157,17.4446233717457
"376","2",2007,101.821938786779,98.7809912299011,90.0305188479219
"377","3",2007,269.510575287276,245.260074918963,220.669519801862
"378","4",2007,499.229265279213,489.174626391711,390.316422127274
"379","5",2007,630.56400613835,662.030431639701,526.433809469536
"380","6",2007,796.626630778325,842.933667639344,681.921622481452
"381","7",2007,901.470273604114,943.75230954435,830.965869875154
"382","8",2007,1039.68765674107,1064.91544129443,968.950242765524
"383","9",2007,1145.86484113836,1227.58108959734,1097.6062723833
"384","10",2007,1415.44269565075,1485.7686365363,1204.3351867467
"385","11",2007,1369.46964935392,1475.49375229169,1325.21878819869
"386","12",2007,1427.99960395094,1520.78411542042,1383.79593581919
"387","13",2007,1719.02548445872,1797.03575119587,1550.96663556418
"388","14",2007,1637.08088273695,1756.67389523178,1586.51989033288
"389","15",2007,1663.2218253524,1830.56872844721,1706.67285981262
"390","1",2008,14.0144941906687,15.8710665346095,17.2201939387279
"391","2",2008,55.1830839249068,59.2448551855184,80.2353415245674
"392","3",2008,227.090147438163,217.182265054885,211.043815102986
"393","4",2008,457.375380638306,459.104325025271,382.457271436585
"394","5",2008,592.647046674112,632.371587137832,513.370973852915
"395","6",2008,724.397814681217,810.671086651384,661.769814907516
"396","7",2008,848.06819900843,921.877546792665,809.780742836659
"397","8",2008,1010.58287209594,1064.01632845524,958.549119498267
"398","9",2008,1054.61849971168,1196.20937083049,1077.57422714497
"399","10",2008,1203.56959477214,1333.45731246748,1178.42122359429
"400","11",2008,1544.93179687245,1646.97864430627,1305.85926203536
"401","12",2008,1513.26409456634,1638.50487311374,1374.2834329351
"402","13",2008,1736.83668524648,1841.54868525879,1550.05585343861
"403","14",2008,1838.80842654698,1941.21953182136,1591.33883843388
"404","15",2008,1907.61999044871,2026.82385719321,1742.85270776378
"405","1",2009,11.6405740637518,13.3611182584113,17.4076991783762
"406","2",2009,74.2615118873484,68.0393415283571,88.9021286714276
"407","3",2009,228.281049628771,186.878071947522,232.274881037215
"408","4",2009,492.272511527993,476.160317267377,401.798450353579
"409","5",2009,676.725307525132,674.306958862371,532.076691326685
"410","6",2009,787.197820060597,795.32832265696,670.956355470679
"411","7",2009,1001.55053276709,1060.6846397083,812.716384277334
"412","8",2009,1142.49111953594,1244.46381817961,962.735567359451
"413","9",2009,1168.93743161894,1349.16582511566,1073.81930338182
"414","10",2009,1458.44259099902,1670.29708703484,1179.12227208942
"415","11",2009,1573.29637058575,1718.40239612005,1308.44653515028
"416","12",2009,1749.71722067653,1925.54832997399,1363.15813747581
"417","13",2009,2064.02555736519,2265.68142538214,1540.49916548826
"418","14",2009,2255.91380343972,2432.68696220816,1572.45557910813
"419","15",2009,2284.23998685168,2510.50051172806,1735.48933274271
"420","1",2010,19.2962718714477,19.769942728412,17.711782461937
"421","2",2010,77.6375147373751,80.1557378684696,79.2923381083965
"422","3",2010,267.434902689997,254.863048946972,224.197014178825
"423","4",2010,511.394671600845,516.208224565436,390.205949624816
"424","5",2010,675.030234868582,695.228225629058,524.502784101946
"425","6",2010,874.108896507917,919.244862692192,663.838672897069
"426","7",2010,1089.81147666093,1139.43014788468,810.063565152856
"427","8",2010,1185.55516798963,1285.92408219749,952.699113989578
"428","9",2010,1244.4773907074,1380.21406436169,1068.18359664216
"429","10",2010,1354.71120132302,1520.24048196759,1180.23559605555
"430","11",2010,1468.31450108971,1669.23015608052,1293.24362238106
"431","12",2010,1663.74615772267,1853.2717148641,1361.40548213643
"432","13",2010,1871.91430627776,2046.32555982816,1525.1966741938
"433","14",2010,2190.20266234954,2319.37484561785,1589.18379735638
"434","15",2010,2350.64134301704,2505.29622732822,1752.11956177066
"435","1",2011,16.4207923244073,16.9120712134079,18.5605549639749
"436","2",2011,85.8342046927762,87.65491439214,81.6629814569705
"437","3",2011,219.851310700046,206.285013329105,230.74168153051
"438","4",2011,497.42068431909,495.152449827078,405.064248555831
"439","5",2011,661.796219527409,671.514531533616,549.244823689897
"440","6",2011,773.175945156157,792.45434971896,688.742578417142
"441","7",2011,936.163660064285,954.210414011097,831.591199949267
"442","8",2011,1116.19277846363,1157.09493988899,975.311134306159
"443","9",2011,1246.72894887399,1317.64868315612,1102.98199714294
"444","10",2011,1292.9016666321,1360.87075088966,1211.03792546327
"445","11",2011,1441.41094806039,1531.51656151936,1336.56855476345
"446","12",2011,1524.04321088608,1609.81484896076,1407.13072779329
"447","13",2011,1632.66375225854,1697.15012543434,1574.25846508965
"448","14",2011,1707.80280124107,1787.21653833344,1607.57924366027
"449","15",2011,1964.50198682935,2065.50931827874,1775.47681018517
"450","1",2012,14.731530825604,15.0133028813367,17.2654749464859
"451","2",2012,75.6665410951534,70.6179579227906,86.0065972438445
"452","3",2012,207.376650477179,222.029072927544,210.54220948591
"453","4",2012,421.111066167767,443.13630329216,400.147367679136
"454","5",2012,606.922923762389,608.957123420657,555.6236887104
"455","6",2012,785.056625865167,772.971377053128,701.424185036053
"456","7",2012,933.539432381377,925.016696041622,846.277418569673
"457","8",2012,1128.2503228571,1139.83358590442,996.358087909635
"458","9",2012,1334.10962582583,1331.89154091635,1146.92444315278
"459","10",2012,1401.42705217799,1412.44023614556,1238.12422995019
"460","11",2012,1437.23985692249,1465.86409376723,1368.70744236477
"461","12",2012,1523.59559595674,1574.51748077843,1438.02041883351
"462","13",2012,1565.19804900793,1612.65259114305,1602.01881739069
"463","14",2012,1834.40620112191,1872.67353918049,1653.47932587398
"464","15",2012,1960.33975853749,2010.01855217518,1798.39513444435
"465","1",2013,17.6147396411024,17.9383735808777,18.7855845481734
"466","2",2013,78.5311041834857,82.1801364963957,78.6762916821948
"467","3",2013,217.36508177425,229.786283565024,209.385318128816
"468","4",2013,506.20447514896,537.96969526784,389.432410413673
"469","5",2013,586.058999788014,611.388296047801,531.061931552974
"470","6",2013,750.187571875508,791.461418201438,673.547664377395
"471","7",2013,992.841031234733,1009.26527006452,827.85045997477
"472","8",2013,1154.01654609714,1201.59932553515,984.226129872192
"473","9",2013,1350.5663204153,1386.01457360644,1123.53960273034
"474","10",2013,1376.60277793425,1418.48788643121,1220.31294506447
"475","11",2013,1526.9994213383,1560.46992405655,1370.17890826827
"476","12",2013,1572.88901423754,1598.63637631116,1442.71906640636
"477","13",2013,1705.48766179581,1731.84365607677,1601.11560488766
"478","14",2013,1837.14690379143,1868.07633167393,1647.51732192506
"479","15",2013,1895.08770710705,1944.97185246456,1784.72802360826
"480","1",2014,18.8152734607919,18.9135069389532,18.1319874396204
"481","2",2014,109.866060872615,110.241153017959,83.5337972109608
"482","3",2014,269.196410362468,288.804964321644,205.564739926213
"483","4",2014,458.085346775403,492.556158174432,383.139044220369
"484","5",2014,572.699081371029,602.675033937383,527.216434952339
"485","6",2014,716.7062919184,741.16345005989,686.397804807324
"486","7",2014,789.96818214083,827.737793394995,833.402679034618
"487","8",2014,1105.57729558431,1083.25961072145,1018.46949889409
"488","9",2014,1226.71156644903,1179.41269189102,1167.60049503823
"489","10",2014,1377.2273279392,1376.04838293512,1262.63772791598
"490","11",2014,1640.80177856213,1582.63088368325,1435.22012380031
"491","12",2014,1593.96237191654,1521.30324201434,1517.78558944735
"492","13",2014,1672.64056138232,1630.14085832014,1666.9555734671
"493","14",2014,1828.62622772828,1791.27789163426,1695.01269346488
"494","15",2014,1863.52211058684,1844.65400611843,1842.76717196946
"495","1",2015,19.4115602020084,18.3826959505122,19.731943002786
"496","2",2015,90.078433190048,92.2715719307141,79.3848403712368
"497","3",2015,323.233132479058,288.106804434654,217.114967785153
"498","4",2015,447.131170728189,456.850512334412,408.497445650083
"499","5",2015,590.537326277061,591.517000959679,551.930843468952
"500","6",2015,685.96059411725,683.11644283529,698.836091290708
"501","7",2015,783.971642251694,798.224357792028,863.75657825342
"502","8",2015,904.983009227866,912.874737625556,1033.11597156651
"503","9",2015,1165.67065574839,1115.78753403757,1232.4647483529
"504","10",2015,1202.69803986529,1152.4642029453,1332.11696207373
"505","11",2015,1494.15196294249,1385.57660740051,1522.6357302779
"506","12",2015,1552.8660442875,1408.35051285944,1618.43121334548
"507","13",2015,1456.722929759,1396.02970781311,1723.83793646373
"508","14",2015,1465.82757936891,1411.60811920274,1772.21387389445
"509","15",2015,1692.85919478604,1649.90871086944,1896.88909445382
"510","1",2016,23.07063378218,23.3424312649626,18.4306273250874
"511","2",2016,79.8693889660531,88.8809009456615,72.6801770498632
"512","3",2016,306.571341629219,294.58338793523,209.278564354365
"513","4",2016,530.769130605793,525.987334627026,420.324997581333
"514","5",2016,600.4490158179,589.184737504591,585.438702217648
"515","6",2016,695.805155836013,685.924657193102,728.940693013763
"516","7",2016,775.930784060463,783.599205421757,894.989001589012
"517","8",2016,825.756811099456,834.783441506441,1060.92421908585
"518","9",2016,903.339860656934,892.835388193046,1231.47836417027
"519","10",2016,1003.49866920668,938.560479369692,1351.01154502167
"520","11",2016,1126.92138452861,1066.31093072526,1482.99796804363
"521","12",2016,1613.79469408075,1533.21926195309,1551.81352331785
"522","13",2016,1349.18723833763,1308.91841485944,1694.1427992883
"523","14",2016,1524.06039598347,1475.43485293761,1732.30957044029
"524","15",2016,1410.39680013447,1358.09741916594,1921.60834676039
"525","1",2017,20.0776801405077,22.2956146553076,16.3459092743594
"526","2",2017,91.8963499039596,100.875277280011,69.9288824961551
"527","3",2017,263.182955338957,253.002140177224,209.907359471759
"528","4",2017,474.500278540222,461.625253415298,414.498271263561
"529","5",2017,624.495756419936,628.78859899616,582.050144881914
"530","6",2017,673.006980690541,662.472675373885,731.614622723295
"531","7",2017,755.92016422652,746.091212381272,886.251335011093
"532","8",2017,811.442654056276,799.650467700378,1046.01615260707
"533","9",2017,887.269826334098,870.533681504633,1211.23734452241
"534","10",2017,909.799185443766,873.759070688039,1326.87632132994
"535","11",2017,1044.37693266774,991.980423431107,1469.60202313255
"536","12",2017,996.212070642642,959.611610926709,1526.74459923754
"537","13",2017,1262.11100727533,1212.05093829677,1693.96332351965
"538","14",2017,1090.44416061914,1048.00212665254,1737.81115740928
"539","15",2017,1458.55792009699,1400.69318966392,1910.19256580465
"540","1",2018,22.1956572351835,23.5707373859345,15.8052940389738
"541","2",2018,92.0641618626026,102.238474542251,65.9758480569541
"542","3",2018,246.730109629627,266.176623466174,206.36648139277
"543","4",2018,432.670378235255,440.735088378571,400.302610201458
"544","5",2018,592.92382283137,587.489350347379,561.470265890977
"545","6",2018,686.82975188759,686.939754565159,726.986156558355
"546","7",2018,781.042544707436,747.610141770732,903.781612046876
"547","8",2018,819.757644320504,795.529918284447,1058.72294239957
"548","9",2018,893.827597905928,865.637172438844,1242.52042083771
"549","10",2018,929.798774152854,910.231371759043,1371.61823253126
"550","11",2018,1045.8239933851,998.713981461316,1507.44302811613
"551","12",2018,963.029466596319,894.386323641427,1600.89767257979
"552","13",2018,1444.19031516772,1367.54859331696,1719.66698396774
"553","15",2018,1549.55914256581,1458.17881502516,1949.94427605839
"554","1",2019,20.2222878921775,22.5284231078615,15.2287803826444
"555","2",2019,107.079469579679,113.181427601604,59.4085539733722
"556","3",2019,299.186551439822,316.166587499957,194.062732288959
"557","4",2019,498.949239490781,535.226703160296,389.018737846492
"558","5",2019,633.578810679606,672.049501837437,543.976128135558
"559","6",2019,731.975236173941,765.877980751683,698.983498803925
"560","7",2019,821.172143643947,844.336901166964,849.144931130769
"561","8",2019,924.198832385185,928.096704212664,1013.86052505073
"562","9",2019,929.556823751999,928.232827183288,1159.6550919611
"563","10",2019,1012.81127985785,1014.84297302114,1270.96340172206
"564","11",2019,950.351687544406,939.233687783235,1401.42671025839
"565","12",2019,1061.37194126332,1052.12210294298,1473.65918334914
"566","13",2019,1054.97108870603,1043.13756840558,1632.0065959916
"567","14",2019,1006.85944020974,980.160258335231,1713.21465273538
"568","15",1986,NA,NA,1875.10086095774
"569","14",2018,NA,NA,1761.14583080638
"570","15",2019,NA,NA,1841.43924212787
